{"train_losses": [38.47144554555416, 33.530804537353106, 35.48426081659272, 34.12472147331573, 34.55445874190218, 36.53880540677346, 32.35645720222965, 33.32219687686256, 33.03568318579346, 33.1183089830256, 32.19899465178605, 34.24753602652345, 29.574367338675074, 32.89663225362892, 30.96947087557055, 32.112684438121505, 32.229651695815846, 31.77863004667961, 30.12400905796676, 33.84294658540239, 29.771594979451038, 30.606228492855735, 31.65742829721421, 28.794921810447704, 30.410319923888892, 28.944973473013306, 28.769194440237698, 29.412136745922908, 31.295303024468012, 26.7287290757522, 29.44924331380753, 28.621896093245596, 27.01668243878521, 27.923394139183074, 29.707953425386222, 29.19021291710669, 27.61292709648842, 27.302998108323663, 26.370659234700724, 27.104541354458206], "train_correct_per_epoch": [14520, 14594, 14542, 14582, 14570, 14548, 14594, 14555, 14588, 14600, 14600, 14581, 14629, 14579, 14616, 14590, 14603, 14599, 14607, 14586, 14623, 14614, 14591, 14650, 14606, 14630, 14621, 14644, 14607, 14644, 14619, 14647, 14659, 14644, 14631, 14633, 14648, 14652, 14664, 14659], "valid_losses": [21.07804088294506, 24.272628217935562, 23.186471417546272, 23.272555947303772, 24.45937417820096, 22.404379457235336, 25.04203399270773, 24.160587906837463, 23.120999574661255, 25.716929882764816, 22.874253645539284, 23.341512262821198, 25.67594513297081, 22.672187566757202, 24.06435665488243, 22.94087353348732, 24.283224016427994, 25.897529125213623, 22.96230087056756, 24.070502907037735, 25.941642820835114, 28.129234358668327, 24.8378843665123, 25.080587029457092, 24.688033789396286, 24.694193810224533, 27.226038426160812, 26.714389145374298, 27.477382823824883, 27.653469651937485, 24.88493523001671, 25.784744158387184, 25.49874386191368, 26.179983466863632, 24.36789144575596, 26.965830206871033, 26.55917289853096, 27.010170683264732, 26.604207411408424, 26.142291963100433], "valid_correct_per_epoch": [645, 644, 630, 647, 647, 645, 649, 651, 645, 642, 652, 646, 639, 648, 657, 651, 645, 641, 654, 652, 645, 635, 643, 648, 645, 640, 629, 626, 647, 630, 646, 644, 640, 644, 648, 639, 651, 639, 650, 644]}