{"train_losses": [76.63993573922198, 72.74934572446773, 75.0303325932473, 74.63127322681248, 73.09039510227728, 71.33769598044455, 72.04950567148626, 73.97797801997513, 70.68226495198905, 69.07622084580362, 70.0007196366787, 69.29806934960652, 67.67190816439688, 68.8219294938317, 66.38816050934838, 65.71580700483173, 63.16788017861836, 64.5860997652635, 64.72605287656188, 60.45213164715096, 59.60360855734325, 64.18198256846517, 61.37686307937838, 61.49244921840727, 58.180506980977924, 57.330553815700114, 57.6008125599472, 57.41781742032617, 56.3652262929827, 59.65287500154227, 54.39377182730823, 64.6941530983895, 56.32312235282734, 55.72396747930907, 55.359764667227864, 54.360340365208685, 51.509353895206004, 53.9478663620539, 51.83155208779499, 51.989805738433006, 49.30987628363073, 50.622117498242005, 51.8972477465868, 48.84349247992759, 47.42141880004783, 50.715402909554534, 46.990238435566425, 48.98160144453868, 46.61118625826202, 47.69722732622171, 47.96190351137193, 45.913539942818716, 49.27120673190802, 46.74803809911555, 45.76690738229081, 46.70084437657397, 45.417768745159265, 44.97483369387919, 45.26313237706199, 43.66971668181941, 44.33475134661387, 42.42613467265619, 40.83830369543284, 41.39661098504439, 44.202606470833416, 42.76212371094152, 40.60535972557955, 40.48796125408262, 41.890209763572784, 40.930443493591156, 42.52151636056078, 39.512805509846544, 39.90296746743837, 38.99535163017572, 39.55962955066934, 39.19942992785945, 38.45791557081975, 38.09047030491638, 37.839776711538434, 36.98440425097942, 36.721981212846, 37.52963966544485, 36.21403532385739, 35.65140594820946, 37.26677517825192, 37.95302352239378, 34.541029369458556, 36.01999015244655, 36.29057552114682, 37.19305394147506], "train_correct_per_epoch": [14079, 14131, 14083, 14104, 14125, 14152, 14193, 14132, 14196, 14173, 14174, 14185, 14212, 14168, 14221, 14244, 14231, 14258, 14218, 14256, 14270, 14215, 14289, 14253, 14287, 14309, 14311, 14314, 14335, 14304, 14351, 14382, 14311, 14341, 14331, 14340, 14373, 14371, 14369, 14390, 14388, 14385, 14372, 14414, 14420, 14417, 14428, 14397, 14435, 14421, 14426, 14413, 14409, 14431, 14446, 14438, 14432, 14457, 14453, 14477, 14472, 14470, 14477, 14506, 14470, 14466, 14532, 14492, 14491, 14499, 14496, 14508, 14500, 14523, 14511, 14506, 14544, 14524, 14552, 14540, 14574, 14541, 14573, 14553, 14548, 14531, 14586, 14558, 14574, 14542], "valid_losses": [19.40172651410103, 18.33872389793396, 19.15564700961113, 19.36044915020466, 17.80696392059326, 18.45302637666464, 19.58217144012451, 18.254718109965324, 18.554121673107147, 19.28445726633072, 19.860792994499207, 19.23738243430853, 18.783543687313795, 18.19150846078992, 19.65800255537033, 18.73096077144146, 18.882912665605545, 20.51579589396715, 19.654599756002426, 19.4993037879467, 19.273985475301743, 19.22047311067581, 20.208112955093384, 20.877567529678345, 21.65477105975151, 19.653662621974945, 21.281943887472153, 21.109457403421402, 21.497770339250565, 21.23613104224205, 20.347166188061237, 21.100820139050484, 18.96761181950569, 19.66122467815876, 23.565217196941376, 21.47748637199402, 21.93840801715851, 22.644858807325363, 20.756807327270508, 22.015820633620024, 19.66807585954666, 21.232320845127106, 21.031149357557297, 21.922531589865685, 20.101455599069595, 22.061860531568527, 21.74180081486702, 23.545958042144775, 21.1848064661026, 21.091926008462906, 21.85489821434021, 21.159822046756744, 23.515387535095215, 21.167497664690018, 21.073219522833824, 21.79082429409027, 22.51885986328125, 21.038095831871033, 21.933875024318695, 22.541142255067825, 21.533072918653488, 22.745137199759483, 23.78978931903839, 23.096080392599106, 24.950749557465315, 24.06765452027321, 24.8839929997921, 22.1121044754982, 22.949922382831573, 21.863927736878395, 23.770943462848663, 24.05155771970749, 22.984416365623474, 22.905908793210983, 22.509108185768127, 23.36788707971573, 24.487953662872314, 22.55638389289379, 24.974907264113426, 24.07323794066906, 25.078558653593063, 24.858665078878403, 22.26695253700018, 22.183055728673935, 24.452787160873413, 24.384222969412804, 22.723205655813217, 23.031761676073074, 24.44780283421278, 23.477711394429207], "valid_correct_per_epoch": [649, 642, 628, 635, 655, 642, 636, 639, 656, 646, 646, 641, 636, 648, 648, 648, 643, 636, 646, 635, 647, 647, 637, 633, 642, 641, 633, 646, 640, 633, 643, 639, 654, 643, 634, 648, 642, 635, 633, 631, 657, 650, 633, 633, 652, 635, 645, 634, 642, 646, 639, 648, 645, 646, 649, 652, 652, 644, 642, 646, 638, 650, 624, 643, 636, 650, 648, 645, 638, 645, 637, 625, 655, 638, 638, 640, 641, 649, 647, 645, 624, 638, 652, 651, 631, 644, 648, 655, 647, 649]}