{"train_losses": [38.47144554555416, 33.530804537353106, 35.48426081659272, 34.12472147331573, 34.55445874190218, 36.53880540677346, 32.35645720222965, 33.32219687686256, 33.03568318579346, 33.1183089830256, 32.19899465178605, 34.24753602652345, 29.574367338675074, 32.89663225362892, 30.96947087557055, 32.112684438121505, 32.229651695815846, 31.77863004667961, 30.12400905796676, 33.84294658540239], "train_correct_per_epoch": [14520, 14594, 14542, 14582, 14570, 14548, 14594, 14555, 14588, 14600, 14600, 14581, 14629, 14579, 14616, 14590, 14603, 14599, 14607, 14586], "valid_losses": [21.07804088294506, 24.272628217935562, 23.186471417546272, 23.272555947303772, 24.45937417820096, 22.404379457235336, 25.04203399270773, 24.160587906837463, 23.120999574661255, 25.716929882764816, 22.874253645539284, 23.341512262821198, 25.67594513297081, 22.672187566757202, 24.06435665488243, 22.94087353348732, 24.283224016427994, 25.897529125213623, 22.96230087056756, 24.070502907037735], "valid_correct_per_epoch": [645, 644, 630, 647, 647, 645, 649, 651, 645, 642, 652, 646, 639, 648, 657, 651, 645, 641, 654, 652]}