{"train_losses": [32.42253796429031, 28.9116560252005], "train_correct_per_epoch": [14595, 14629], "valid_losses": [23.921232849359512, 23.766848742961884], "valid_correct_per_epoch": [652, 655]}