{"train_losses": [32.42253796429031], "train_correct_per_epoch": [14595], "valid_losses": [23.921232849359512], "valid_correct_per_epoch": [652]}