{"train_losses": [38.47144554555416, 33.530804537353106, 35.48426081659272, 34.12472147331573, 34.55445874190218, 36.53880540677346, 32.35645720222965, 33.32219687686256, 33.03568318579346, 33.1183089830256], "train_correct_per_epoch": [14520, 14594, 14542, 14582, 14570, 14548, 14594, 14555, 14588, 14600], "valid_losses": [21.07804088294506, 24.272628217935562, 23.186471417546272, 23.272555947303772, 24.45937417820096, 22.404379457235336, 25.04203399270773, 24.160587906837463, 23.120999574661255, 25.716929882764816], "valid_correct_per_epoch": [645, 644, 630, 647, 647, 645, 649, 651, 645, 642]}